,,,,,,
Sports Data Tracking System,,,,,,
,,,,,,
Participant ID,Name,Age,Attendance (%),Workshop Scores,Mentor Assigned,Feedback Score
P001,Alice Smith,21,95,88,Yes,4.5
P002,Bob Johnson,24,97,92,Yes,4.8
P003,Carol White,22,89,85,No,4.2
P004,David Brown,23,92,90,Yes,4.7
P005,Eve Davis,20,85,87,No,4.1
P006,Frank Moore,25,96,91,Yes,4.9
P007,Grace Taylor,21,93,89,Yes,4.6
P008,Henry Wilson,22,90,86,No,4.3
P009,Ivy Thomas,23,88,84,No,4
P010,Jack Harris,24,94,90,Yes,4.7
P011,Kim Clark,20,91,87,Yes,4.4
P012,Leo Lewis,25,87,85,No,4.2
P013,Mia Walker,21,89,88,Yes,4.5
P014,Noah Lee,22,95,91,Yes,4.8
P015,Olivia Hall,23,92,89,No,4.6
P016,Paul Allen,24,86,84,No,4.1
P017,Quinn Young,25,97,93,Yes,4.9
P018,Ruby King,20,90,86,Yes,4.3
P019,Sam Scott,21,94,92,Yes,4.9
P020,Tina Green,22,88,85,No,4.2
,,,,,,
,,,,,,
,,,,,,
,,,,,,
,,,,,,
,,,,,,
,,,,,,
,,,,,,
,,,,,,
,,,,,,
,,,,,,
,,,,,,
,,,,,,
,,,,,,
,,,,,,
,,,,,,
,,,,,,
,,,,,,
,,,,,,
,,,,,,
,,,,,,
,,,,,,
,,,,,,
,,,,,,
,,,,,,
,,,,,,
,,,,,,
,,,,,,
,,,,,,
,,,,,,
,,,,,,
,,,,,,
,,,,,,
,,,,,,
,,,,,,
,,,,,,
,,,,,,
,,,,,,
,,,,,,
,,,,,,
,,,,,,
,,,,,,
,,,,,,
,,,,,,
,,,,,,
,,,,,,
,,,,,,
,,,,,,
,,,,,,
,,,,,,
,,,,,,
,,,,,,
,,,,,,
,,,,,,
,,,,,,
,,,,,,
,,,,,,
,,,,,,
,,,,,,
,,,,,,
,,,,,,
,,,,,,
,,,,,,
,,,,,,
,,,,,,
,,,,,,
,,,,,,
,,,,,,
,,,,,,
,,,,,,
,,,,,,
,,,,,,
,,,,,,
,,,,,,
,,,,,,
,,,,,,
,,,,,,
,,,,,,
,,,,,,
,,,,,,
,,,,,,
,,,,,,
,,,,,,
,,,,,,
,,,,,,
,,,,,,
,,,,,,
,,,,,,
,,,,,,
,,,,,,
,,,,,,
,,,,,,
,,,,,,
,,,,,,
,,,,,,
,,,,,,
